52,66,none
52,67,none
52,66,none
51,67,none
53,71,none
53,73,none
53,74,none
53,75,none
52,76,none
52,77,none
52,77,none
51,76,none
51,75,none
51,75,none
51,74,none
51,74,none
50,74,none
50,74,none
50,73,none
50,73,none
50,73,none
50,73,none
50,72,none
49,73,none
49,72,none
48,72,none
48,71,none
48,71,none
48,70,none
48,70,none
49,69,none
49,69,none
49,67,none
49,65,none
49,64,none
49,62,none
48,59,none
48,57,none
48,55,none
47,53,none
45,55,none
46,54,none
46,51,none
46,46,none
46,46,none
47,47,none
48,48,none
48,48,none
48,49,none
49,51,none
49,51,none
49,50,none
49,50,none
49,50,none
51,51,none
52,53,none
51,63,none
53,57,none
53,54,none
52,55,none
84,74,none
141,110,ring
183,115,ring
196,108,ring
179,119,ring
154,122,ring
140,132,ring
122,133,none
109,130,none
98,122,none
88,118,none
81,115,none
75,113,none
69,108,none
64,103,none
60,100,none
58,99,none
57,102,none
57,100,none
58,95,none
59,92,none
58,88,none
58,88,none
59,80,none
60,73,none
60,69,none
61,65,none
61,63,none
61,63,none
61,62,none
61,59,none
61,57,none
61,57,none
61,56,none
61,57,none
61,57,none
61,55,none
61,55,none
60,60,none
67,59,none
111,73,none
138,72,ring
154,70,ring
147,71,ring
140,69,ring
126,67,none
119,60,none
106,60,none
94,62,none
86,59,none
78,58,none
72,55,none
67,53,none
64,51,none
60,52,none
58,51,none
57,49,none
55,54,none
55,61,none
54,67,none
54,74,none
54,79,none
54,83,none
55,86,none
55,88,none
56,93,none
56,91,none
56,91,none
56,88,none
56,88,none
57,86,none
57,87,none
58,85,none
58,85,none
59,81,none
59,80,none
58,82,none
59,83,none
63,82,none
103,94,none
156,104,ring
164,95,ring
145,92,ring
121,83,none
115,79,none
107,81,none
95,83,none
85,84,none
78,80,none
71,85,none
66,85,none
62,85,none
60,80,none
58,74,none
58,72,none
58,77,none
58,83,none
58,89,none
58,96,none
59,100,none
61,103,none
61,101,none
60,101,none
61,99,none
61,96,none
62,95,none
63,92,none
63,84,none
64,79,none
64,75,none
64,74,none
63,71,none
64,70,none
64,72,none
64,68,none
65,66,none
65,67,none
88,69,none
139,79,ring
162,68,ring
148,63,ring
133,63,ring
173,68,ring
163,75,ring
137,100,ring
116,106,none
99,114,none
86,119,none
79,119,none
76,123,none
72,117,none
68,103,none
67,95,none
65,88,none
65,79,none
65,75,none
64,72,none
64,71,none
64,69,none
65,70,none
66,69,none
66,68,none
66,67,none
65,67,none
65,67,none
66,67,none
66,65,none
66,63,none
66,61,none
66,60,none
66,58,none
66,57,none
66,55,none
66,53,none
65,51,none
65,50,none
65,50,none
64,51,none
63,51,none
63,52,none
62,53,none
61,56,none
60,58,none
61,59,none
60,60,none
59,60,none
58,61,none
57,62,none
57,61,none
56,61,none
56,60,none
66,56,none
108,61,none
127,60,none
151,61,ring
194,70,ring
168,77,ring
152,74,ring
129,92,none
112,99,none
101,101,none
92,99,none
84,97,none
77,93,none
71,85,none
66,77,none
63,73,none
60,71,none
58,70,none
56,70,none
55,70,none
54,71,none
54,72,none
53,72,none
54,72,none
53,73,none
54,74,none
54,76,none
54,76,none
54,76,none
54,75,none
54,74,none
54,74,none
54,74,none
55,73,none
54,72,none
54,71,none
53,70,none
54,69,none
54,68,none
53,67,none
53,66,none
53,64,none
53,63,none
53,62,none
52,61,none
52,61,none
52,60,none
52,59,none
52,59,none
51,57,none
51,56,none
68,62,none
114,72,none
173,86,ring
186,76,ring
160,68,ring
137,64,ring
127,69,none
107,68,none
96,71,none
88,73,none
81,74,none
75,73,none
70,71,none
65,67,none
62,61,none
60,59,none
58,59,none
57,63,none
56,67,none
55,71,none
56,74,none
55,77,none
56,79,none
57,81,none
57,84,none
58,85,none
59,86,none
60,87,none
60,87,none
61,85,none
61,85,none
61,84,none
61,82,none
61,80,none
60,78,none
60,77,none
60,75,none
59,75,none
59,75,none
59,76,none
59,76,none
59,75,none
58,73,none
59,71,none
58,69,none
58,68,none
64,69,none
77,68,none
141,82,ring
179,78,ring
179,78,ring
173,81,ring
145,89,ring
128,103,none
110,130,none
97,153,none
86,176,none
78,196,none
71,211,none
67,216,none
65,214,none
65,202,none
63,180,none
62,155,none
61,131,none
61,112,none
61,102,none
62,100,none
63,104,none
66,110,none
69,119,none
69,131,none
69,141,none
71,148,none
73,155,none
76,162,none
77,168,none
81,171,none
84,176,none
84,183,none
83,188,none
83,190,none
83,190,none
84,188,none
85,183,none
89,174,none
92,165,none
92,159,none
91,154,none
90,149,none
90,143,none
87,140,none
88,142,none
152,154,ring
168,143,ring
182,133,ring
160,110,ring
139,97,ring
125,100,none
108,96,none
96,98,none
90,99,none
85,99,none
82,95,none
81,89,none
81,81,none
82,75,none
83,70,none
83,69,none
85,70,none
85,74,none
87,78,none
89,83,none
90,89,none
91,95,none
91,101,none
90,107,none
91,112,none
93,114,none
96,114,none
96,117,none
95,120,none
94,122,none
93,121,none
93,120,none
93,118,none
95,115,none
96,112,none
93,112,none
90,111,none
86,108,none
84,101,none
82,97,none
80,93,none
78,88,none
76,85,none
74,80,none
72,78,none
69,75,none
67,72,none
65,70,none
62,68,none
60,65,none
59,63,none
57,61,none
55,58,none
58,57,none
59,54,none
61,52,none
103,59,none
138,59,none
148,57,none
145,64,ring
127,71,none
119,76,none
114,89,none
111,101,none
106,113,none
99,123,none
92,128,none
87,126,none
84,121,none
80,116,none
76,111,none
71,107,none
68,101,none
65,97,none
64,92,none
63,87,none
62,83,none
60,79,none
59,75,none
58,73,none
57,71,none
56,69,none
54,68,none
53,66,none
52,64,none
51,62,none
50,60,none
49,59,none
48,57,none
48,56,none
48,54,none
49,53,none
49,51,none
50,51,none
50,50,none
50,50,none
50,50,none
50,50,none
50,50,none
51,49,none
51,49,none
51,49,none
52,49,none
52,50,none
52,50,none
53,49,none
53,50,none
53,50,none
53,50,none
54,50,none
54,50,none
54,50,none
54,50,none
54,50,none
54,49,none
54,49,none
54,49,none
54,49,none
61,48,none
67,47,none
117,59,none
170,65,ring
196,72,ring
188,79,ring
158,84,ring
139,89,ring
125,89,none
110,106,none
96,116,none
86,123,none
78,126,none
72,124,none
68,118,none
64,111,none
61,102,none
60,93,none
60,85,none
60,78,none
60,71,none
61,65,none
62,61,none
62,57,none
62,54,none
62,51,none
62,50,none
61,48,none
60,47,none
60,46,none
59,45,none
58,45,none
58,44,none
58,44,none
58,43,none
58,43,none
57,43,none
57,43,none
56,43,none
55,43,none
56,43,none
55,43,none
54,43,none
54,43,none
54,43,none
54,43,none
53,43,none
52,43,none
52,43,none
52,43,none
51,43,none
50,43,none
50,43,none
49,43,none
49,43,none
49,43,none
48,43,none
48,44,none
48,44,none
47,44,none
47,43,none
47,44,none
47,43,none
47,43,none
47,43,none
47,43,none
49,44,none
68,44,none
117,56,none
120,55,none
145,62,ring
135,62,ring
165,75,ring
160,75,ring
140,82,ring
124,87,none
115,89,none
107,93,none
96,105,none
87,103,none
80,95,none
74,86,none
69,77,none
65,70,none
61,64,none
59,60,none
56,56,none
54,54,none
53,52,none
52,51,none
51,49,none
50,48,none
50,47,none
49,46,none
49,45,none
49,45,none
49,45,none
48,45,none
49,45,none
48,44,none
49,44,none
48,44,none
48,44,none
48,44,none
48,44,none
48,44,none
47,43,none
48,43,none
47,44,none
47,45,none
47,46,none
47,47,none
48,47,none
48,48,none
48,48,none
48,49,none
48,50,none
48,51,none
48,51,none
48,52,none
48,52,none
48,52,none
47,52,none
50,51,none
82,50,none
153,65,ring
191,73,ring
184,76,ring
155,84,ring
137,94,ring
150,101,ring
127,115,none
111,123,none
101,132,none
90,140,none
81,141,none
74,138,none
68,131,none
63,119,none
61,106,none
59,94,none
57,85,none
56,78,none
55,71,none
55,66,none
55,62,none
55,60,none
55,58,none
55,56,none
55,56,none
56,56,none
56,57,none
57,58,none
58,60,none
58,61,none
58,62,none
57,62,none
57,62,none
57,62,none
57,63,none
56,64,none
55,65,none
55,65,none
55,66,none
55,66,none
54,65,none
53,65,none
54,65,none
53,65,none
53,64,none
53,64,none
53,63,none
53,62,none
53,62,none
52,62,none
52,62,none
51,63,none
51,63,none
51,63,none
51,64,none
50,66,none
70,71,none
104,78,none
158,87,ring
189,84,ring
178,79,ring
152,74,ring
149,73,ring
130,77,none
115,79,none
105,81,none
96,81,none
88,81,none
81,77,none
75,72,none
69,67,none
65,62,none
62,59,none
60,58,none
58,58,none
56,59,none
55,61,none
55,64,none
54,67,none
54,69,none
54,72,none
54,74,none
54,76,none
53,77,none
53,77,none
53,77,none
53,77,none
52,77,none
52,77,none
51,79,none
50,79,none
50,79,none
50,79,none
49,79,none
49,79,none
49,78,none
49,77,none
49,76,none
49,75,none
49,73,none
49,71,none
49,69,none
49,67,none
49,66,none
49,65,none
49,66,none
49,67,none
48,66,none
50,67,none
60,69,none
102,83,none
149,86,ring
215,90,ring
184,82,ring
158,78,ring
139,80,ring
123,84,none
112,84,none
103,83,none
96,82,none
88,81,none
83,78,none
77,73,none
73,67,none
69,63,none
66,60,none
63,57,none
60,55,none
59,53,none
57,53,none
55,53,none
54,53,none
53,54,none
52,54,none
52,55,none
51,55,none
50,55,none
50,55,none
50,55,none
49,54,none
50,54,none
49,53,none
50,53,none
49,53,none
49,53,none
50,52,none
50,51,none
50,51,none
49,51,none
49,50,none
49,50,none
49,49,none
49,48,none
49,47,none
49,47,none
49,47,none
49,46,none
49,46,none
49,46,none
49,46,none
49,46,none
49,46,none
49,47,none
49,46,none
49,46,none
55,47,none
86,53,none
138,61,ring
157,65,ring
140,68,ring
131,69,ring
118,73,none
107,77,none
101,92,none
94,101,none
89,104,none
86,106,none
81,105,none
74,100,none
69,95,none
64,88,none
61,79,none
58,73,none
56,67,none
55,63,none
53,61,none
53,61,none
53,61,none
52,61,none
52,61,none
52,61,none
52,60,none
53,58,none
53,57,none
54,55,none
54,54,none
54,52,none
54,51,none
55,50,none
55,49,none
55,49,none
54,48,none
54,48,none
53,48,none
52,48,none
52,48,none
51,48,none
50,47,none
50,47,none
50,46,none
49,46,none
49,45,none
49,45,none
49,45,none
49,45,none
48,45,none
48,44,none
49,44,none
60,47,none
82,50,none
104,52,none
185,64,ring
202,71,ring
202,79,ring
168,81,ring
146,86,ring
132,95,ring
119,105,none
108,106,none
96,125,none
86,124,none
79,116,none
75,105,none
69,94,none
65,84,none
61,76,none
59,70,none
57,64,none
55,62,none
53,60,none
53,59,none
53,58,none
52,58,none
52,57,none
53,56,none
53,55,none
53,54,none
53,52,none
53,52,none
53,50,none
54,49,none
54,48,none
54,48,none
54,48,none
54,48,none
55,48,none
55,48,none
56,47,none
57,47,none
58,48,none
58,49,none
58,50,none
57,51,none
57,53,none
57,55,none
56,56,none
56,57,none
56,58,none
57,60,none
58,61,none
69,64,none
107,72,none
155,76,ring
159,69,ring
182,93,ring
153,112,ring
127,123,none
111,143,none
93,166,none
82,184,none
78,202,none
75,217,none
72,223,none
70,222,none
69,218,none
69,209,none
71,197,none
74,182,none
78,168,none
81,150,none
81,130,none
81,113,none
83,98,none
86,88,none
89,79,none
93,73,none
97,69,none
100,68,none
104,68,none
107,69,none
110,68,none
113,67,none
114,67,none
113,71,none
112,75,none
112,77,none
112,81,none
111,85,none
110,88,none
110,90,none
108,92,none
106,96,none
102,102,none
99,106,none
96,111,none
95,112,none
94,113,none
91,118,none
86,125,none
82,130,none
77,133,none
82,142,none
118,147,none
149,157,ring
198,158,ring
209,136,ring
172,126,ring
160,111,ring
131,97,ring
114,88,none
98,76,none
88,68,none
80,64,none
79,64,none
75,66,none
71,68,none
69,73,none
68,78,none
66,84,none
66,90,none
66,98,none
67,107,none
68,118,none
69,130,none
71,138,none
72,144,none
72,154,none
69,165,none
68,173,none
66,178,none
65,180,none
63,181,none
63,178,none
63,172,none
63,166,none
61,160,none
60,154,none
59,142,none
58,129,none
57,116,none
56,104,none
57,92,none
55,84,none
55,77,none
54,71,none
54,66,none
53,62,none
53,58,none
58,55,none
56,53,none
63,50,none
78,49,none
132,68,ring
162,77,ring
141,80,ring
120,87,none
103,94,none
90,104,none
80,109,none
73,112,none
69,110,none
66,100,none
64,88,none
62,78,none
61,72,none
61,68,none
61,66,none
61,64,none
61,62,none
61,61,none
61,60,none
61,59,none
61,60,none
60,60,none
60,60,none
60,59,none
59,57,none
59,56,none
59,54,none
58,55,none
58,55,none
57,56,none
58,58,none
56,60,none
56,62,none
55,64,none
54,65,none
54,67,none
53,68,none
52,67,none
52,66,none
52,65,none
52,65,none
52,65,none
52,66,none
53,68,none
53,69,none
53,70,none
53,69,none
74,76,none
120,88,none
145,89,ring
150,82,ring
142,74,ring
133,68,ring
112,71,none
98,73,none
91,72,none
82,70,none
76,67,none
71,66,none
68,63,none
66,58,none
65,57,none
64,59,none
63,60,none
63,63,none
64,67,none
65,71,none
65,74,none
65,77,none
66,77,none
66,78,none
67,76,none
67,74,none
67,71,none
67,68,none
67,65,none
67,62,none
67,60,none
66,57,none
65,56,none
65,53,none
65,51,none
63,50,none
63,48,none
63,48,none
63,47,none
62,47,none
61,47,none
60,48,none
59,49,none
59,50,none
58,51,none
57,52,none
56,54,none
56,55,none
55,56,none
55,57,none
55,57,none
54,58,none
64,58,none
121,68,none
172,78,ring
173,83,ring
166,91,ring
140,105,ring
118,116,none
100,131,none
90,148,none
79,154,none
73,155,none
69,154,none
64,151,none
62,142,none
61,129,none
60,117,none
62,106,none
61,95,none
60,84,none
60,77,none
59,69,none
59,63,none
58,60,none
58,58,none
57,56,none
56,53,none
55,51,none
55,51,none
54,49,none
54,49,none
54,48,none
55,47,none
54,47,none
53,46,none
53,46,none
53,46,none
53,45,none
53,45,none
54,46,none
54,46,none
54,47,none
54,49,none
54,51,none
51,52,none
57,55,none
55,55,none
71,62,none
130,62,none
163,70,ring
189,86,ring
164,99,ring
138,119,ring
117,145,none
102,167,none
90,182,none
82,199,none
74,209,none
69,208,none
65,201,none
63,188,none
63,172,none
63,154,none
62,134,none
61,118,none
60,105,none
59,92,none
58,84,none
58,76,none
57,70,none
56,66,none
55,63,none
54,61,none
54,61,none
53,60,none
54,59,none
53,59,none
53,58,none
52,58,none
52,59,none
51,60,none
51,61,none
50,62,none
50,63,none
50,64,none
50,65,none
49,66,none
49,68,none
49,70,none
49,71,none
49,72,none
49,73,none
48,75,none
48,76,none
48,76,none
49,76,none
52,76,none
60,76,none
70,75,none
155,80,ring
185,96,ring
166,118,ring
140,144,ring
123,166,none
106,190,none
92,208,none
84,229,none
76,241,none
69,239,none
66,229,none
62,215,none
59,186,none
57,155,none
56,137,none
57,128,none
57,122,none
57,115,none
56,105,none
56,93,none
55,83,none
54,75,none
53,70,none
53,66,none
53,64,none
53,63,none
52,62,none
52,63,none
52,63,none
52,63,none
52,63,none
52,64,none
51,64,none
51,64,none
51,63,none
51,65,none
51,66,none
50,68,none
50,69,none
54,72,none
81,68,none
144,69,ring
156,78,ring
146,95,ring
127,111,none
114,135,none
109,153,none
102,175,none
90,195,none
81,213,none
74,230,none
68,241,none
64,244,none
63,237,none
61,226,none
60,206,none
59,181,none
59,160,none
61,144,none
62,133,none
62,120,none
61,109,none
60,100,none
59,94,none
59,90,none
59,88,none
59,85,none
59,83,none
59,80,none
59,79,none
58,79,none
58,78,none
57,78,none
57,77,none
56,75,none
56,72,none
56,69,none
56,67,none
55,66,none
55,65,none
54,64,none
55,63,none
54,62,none
53,63,none
54,64,none
54,64,none
54,65,none
52,66,none
71,65,none
132,64,ring
156,66,ring
188,86,ring
184,105,ring
158,135,ring
141,148,ring
124,179,none
109,198,none
95,213,none
86,213,none
79,199,none
72,173,none
66,145,none
62,131,none
61,129,none
62,134,none
63,145,none
62,160,none
62,174,none
62,182,none
61,183,none
60,179,none
59,173,none
59,162,none
60,151,none
59,142,none
59,133,none
57,123,none
56,114,none
55,107,none
54,98,none
54,93,none
53,89,none
53,87,none
52,85,none
51,85,none
51,86,none
51,87,none
51,88,none
51,90,none
51,93,none
50,95,none
50,97,none
50,99,none
49,102,none
54,103,none
120,126,none
182,130,ring
190,132,ring
159,137,ring
133,150,ring
119,163,none
108,188,none
95,211,none
86,222,none
80,230,none
73,226,none
68,210,none
64,187,none
61,163,none
58,138,none
57,115,none
57,99,none
56,88,none
56,82,none
56,79,none
56,77,none
56,76,none
56,74,none
56,73,none
55,72,none
55,71,none
55,69,none
54,67,none
54,64,none
53,61,none
53,58,none
53,56,none
53,55,none
52,54,none
51,52,none
51,51,none
51,49,none
50,49,none
50,48,none
50,48,none
50,48,none
49,48,none
53,48,none
69,53,none
75,50,none
135,69,ring
126,63,none
133,61,ring
119,63,none
106,67,none
94,72,none
85,78,none
77,85,none
75,85,none
69,87,none
66,85,none
64,80,none
63,73,none
63,68,none
63,67,none
63,70,none
63,75,none
62,80,none
62,85,none
62,91,none
62,96,none
63,101,none
62,105,none
61,108,none
61,106,none
60,102,none
61,97,none
61,96,none
61,94,none
61,93,none
61,91,none
61,89,none
61,87,none
60,85,none
59,84,none
58,83,none
58,82,none
58,80,none
57,79,none
57,77,none
57,75,none
58,74,none
58,72,none
58,70,none
58,67,none
59,65,none
58,62,none
58,59,none
60,58,none
69,58,none
145,79,ring
205,92,ring
175,81,ring
168,72,ring
144,68,ring
122,58,none
105,58,none
94,60,none
85,60,none
77,60,none
77,61,none
71,59,none
67,55,none
63,53,none
61,53,none
59,50,none
58,48,none
56,51,none
56,56,none
56,64,none
55,72,none
54,79,none
53,88,none
53,95,none
53,101,none
52,106,none
52,114,none
52,123,none
51,127,none
49,128,none
48,127,none
49,120,none
50,111,none
50,102,none
52,97,none
53,92,none
53,85,none
54,80,none
54,75,none
54,70,none
54,66,none
54,64,none
54,61,none
54,62,none
60,62,none
87,68,none
108,70,none
125,71,none
132,70,ring
148,65,ring
137,65,ring
136,74,ring
118,81,none
104,93,none
103,96,none
92,106,none
83,112,none
74,117,none
68,114,none
63,108,none
62,104,none
62,93,none
61,84,none
61,83,none
61,83,none
61,86,none
61,91,none
60,93,none
59,94,none
58,94,none
57,91,none
56,87,none
56,85,none
56,87,none
56,85,none
56,82,none
56,81,none
56,78,none
56,75,none
56,74,none
56,72,none
56,70,none
56,68,none
56,66,none
55,63,none
55,62,none
55,59,none
54,57,none
54,55,none
54,54,none
53,52,none
53,51,none
52,49,none
52,47,none
52,46,none
52,46,none
52,46,none
52,46,none
52,45,none
52,45,none
52,44,none
52,44,none
52,44,none
52,43,none
53,43,none
142,71,ring
167,83,ring
168,84,ring
159,82,ring
135,89,ring
127,102,none
112,136,none
100,159,none
90,165,none
84,165,none
77,164,none
70,159,none
65,151,none
62,140,none
61,133,none
62,125,none
61,114,none
61,104,none
60,95,none
61,89,none
61,84,none
61,80,none
63,77,none
62,73,none
62,72,none
63,68,none
62,66,none
61,63,none
60,59,none
59,57,none
59,55,none
58,53,none
57,52,none
57,51,none
57,50,none
56,50,none
55,49,none
55,48,none
54,49,none
54,48,none
54,47,none
53,46,none
53,46,none
52,47,none
64,49,none
132,64,ring
166,72,ring
189,78,ring
180,79,ring
161,76,ring
139,80,ring
122,82,none
111,83,none
102,83,none
95,78,none
87,84,none
80,85,none
74,84,none
69,79,none
65,75,none
63,71,none
60,66,none
58,61,none
58,59,none
58,58,none
57,58,none
57,58,none
56,58,none
55,56,none
54,55,none
54,54,none
53,53,none
54,53,none
53,51,none
53,51,none
52,50,none
52,50,none
51,49,none
51,49,none
51,49,none
51,50,none
50,51,none
50,52,none
50,53,none
49,54,none
49,53,none
50,53,none
50,52,none
49,51,none
50,51,none
50,50,none
49,49,none
49,48,none
49,48,none
49,48,none
52,49,none
66,50,none
153,78,ring
204,90,ring
201,79,ring
204,73,ring
189,73,ring
165,87,ring
146,103,ring
134,110,ring
120,112,none
106,108,none
92,107,none
83,100,none
76,93,none
70,85,none
66,83,none
63,81,none
60,80,none
59,79,none
58,77,none
57,76,none
58,76,none
57,75,none
57,74,none
57,74,none
56,73,none
56,74,none
54,75,none
56,74,none
55,73,none
54,71,none
54,69,none
53,69,none
52,70,none
53,70,none
53,69,none
52,66,none
52,72,none
51,72,none
50,71,none
50,71,none
49,70,none
49,68,none
49,70,none
50,69,none
50,70,none
50,70,none
51,68,none
51,66,none
50,64,none
50,63,none
56,56,none
82,55,none
123,63,none
161,75,ring
182,79,ring
156,83,ring
137,90,ring
122,99,none
108,108,none
99,99,none
92,101,none
86,103,none
79,106,none
72,103,none
66,97,none
62,90,none
59,85,none
58,80,none
57,77,none
55,73,none
55,71,none
54,69,none
54,66,none
55,65,none
55,62,none
55,59,none
56,59,none
56,57,none
57,56,none
57,55,none
57,53,none
57,51,none
57,55,none
56,53,none
57,52,none
57,52,none
57,51,none
57,52,none
56,50,none
56,51,none
55,52,none
55,53,none
54,52,none
54,53,none
53,53,none
52,52,none
52,52,none
52,54,none
52,52,none
85,52,none
166,72,ring
214,82,ring
187,85,ring
157,85,ring
135,91,ring
121,91,none
108,100,none
96,101,none
86,109,none
78,117,none
72,120,none
67,115,none
64,106,none
60,98,none
59,92,none
57,87,none
56,81,none
55,77,none
55,72,none
55,68,none
55,64,none
55,61,none
55,56,none
54,53,none
55,52,none
55,51,none
55,52,none
55,51,none
55,51,none
55,50,none
55,50,none
54,50,none
54,51,none
54,51,none
54,50,none
53,50,none
53,50,none
53,50,none
54,50,none
54,49,none
54,50,none
54,51,none
53,52,none
53,51,none
53,51,none
52,51,none
59,53,none
71,55,none
147,67,ring
148,64,ring
136,66,ring
117,69,none
104,70,none
94,76,none
95,80,none
86,81,none
80,83,none
75,84,none
72,87,none
68,87,none
65,86,none
62,83,none
59,76,none
57,70,none
55,65,none
54,61,none
54,57,none
53,54,none
52,52,none
53,50,none
53,49,none
53,48,none
54,47,none
54,47,none
54,47,none
54,46,none
53,44,none
54,44,none
53,44,none
53,45,none
53,45,none
53,44,none
53,43,none
53,44,none
53,44,none
53,44,none
53,44,none
52,44,none
52,45,none
51,45,none
51,45,none
50,44,none
50,45,none
49,45,none
49,45,none
49,45,none
55,45,none
62,48,none
153,83,ring
148,73,ring
156,75,ring
135,70,ring
120,68,none
110,67,none
102,72,none
95,74,none
89,75,none
84,74,none
79,74,none
74,74,none
69,70,none
65,66,none
62,61,none
60,57,none
58,54,none
56,52,none
54,49,none
53,49,none
52,49,none
51,50,none
50,49,none
49,49,none
49,49,none
48,48,none
48,47,none
47,44,none
47,43,none
47,43,none
48,43,none
48,43,none
48,43,none
48,43,none
48,43,none
48,43,none
48,43,none
48,43,none
48,43,none
48,43,none
48,43,none
49,43,none
49,44,none
49,44,none
48,44,none
48,44,none
48,44,none
58,46,none
125,65,none
157,69,ring
169,72,ring
146,67,ring
131,67,ring
123,64,none
119,67,none
114,72,none
105,74,none
100,76,none
96,81,none
93,81,none
89,80,none
85,76,none
81,75,none
77,75,none
74,73,none
69,69,none
65,64,none
62,60,none
59,56,none
57,54,none
55,51,none
54,50,none
53,48,none
52,47,none
52,47,none
51,46,none
51,48,none
51,47,none
52,47,none
51,46,none
51,45,none
51,45,none
51,44,none
51,44,none
51,43,none
51,42,none
50,41,none
50,41,none
50,42,none
49,42,none
49,41,none
48,41,none
48,41,none
48,42,none
48,42,none
47,42,none
47,47,none
47,47,none
47,47,none
46,46,none
82,51,none
149,64,ring
160,67,ring
153,64,ring
131,60,none
118,63,none
117,65,none
105,68,none
97,72,none
92,77,none
89,79,none
85,80,none
82,80,none
79,80,none
74,78,none
71,74,none
67,71,none
63,68,none
60,64,none
57,60,none
56,58,none
55,54,none
54,52,none
53,51,none
53,49,none
52,48,none
52,47,none
52,47,none
52,45,none
52,44,none
52,44,none
52,44,none
52,44,none
51,44,none
51,46,none
50,46,none
50,46,none
49,46,none
49,45,none
49,45,none
49,45,none
49,45,none
49,45,none
49,45,none
49,45,none
48,45,none
48,45,none
48,46,none
59,49,none
76,49,none
106,53,none
149,68,ring
157,68,ring
161,73,ring
137,72,ring
123,74,none
113,74,none
105,73,none
96,75,none
90,76,none
83,75,none
78,72,none
72,73,none
67,71,none
64,69,none
60,67,none
57,64,none
56,61,none
54,57,none
54,57,none
54,56,none
54,55,none
54,54,none
54,52,none
54,55,none
53,58,none
54,57,none
54,59,none
54,59,none
54,60,none
53,59,none
53,57,none
53,56,none
53,54,none
53,53,none
53,53,none
52,50,none
52,51,none
52,51,none
52,50,none
52,51,none
52,51,none
53,52,none
53,55,none
53,55,none
52,54,none
52,53,none
61,54,none
98,60,none
143,69,ring
168,71,ring
143,71,ring
122,72,none
108,78,none
95,79,none
88,84,none
81,85,none
76,88,none
70,91,none
66,90,none
62,86,none
59,82,none
57,76,none
56,71,none
54,67,none
54,65,none
53,61,none
52,59,none
52,57,none
51,54,none
50,51,none
50,50,none
50,49,none
49,49,none
49,48,none
49,49,none
50,49,none
50,47,none
50,48,none
51,47,none
51,49,none
51,47,none
51,46,none
51,45,none
52,45,none
52,44,none
52,43,none
51,46,none
52,46,none
52,45,none
52,45,none
53,43,none
52,44,none
103,54,none
148,73,ring
180,81,ring
165,79,ring
141,76,ring
123,76,none
109,76,none
96,75,none
87,79,none
80,83,none
74,82,none
69,85,none
64,84,none
61,80,none
58,77,none
55,71,none
54,68,none
52,64,none
52,62,none
51,58,none
50,52,none
50,51,none
50,50,none
50,48,none
50,49,none
51,47,none
52,52,none
53,51,none
53,50,none
53,49,none
53,50,none
53,50,none
53,49,none
53,47,none
53,47,none
52,46,none
52,50,none
52,50,none
52,50,none
53,48,none
52,47,none
53,47,none
52,47,none
59,45,none
108,52,none
197,75,ring
203,83,ring
165,76,ring
141,75,ring
121,74,none
105,75,none
92,74,none
83,78,none
76,79,none
70,80,none
66,80,none
63,78,none
61,74,none
60,70,none
61,70,none
60,68,none
60,64,none
61,60,none
61,57,none
61,55,none
61,54,none
61,53,none
62,51,none
62,50,none
62,49,none
62,51,none
61,51,none
61,51,none
61,50,none
61,49,none
60,51,none
59,53,none
58,52,none
57,51,none
56,51,none
55,51,none
54,53,none
54,52,none
55,50,none
56,50,none
57,49,none
55,48,none
65,52,none
67,49,none
80,48,none
111,59,none
177,79,ring
176,105,ring
165,97,ring
158,134,ring
152,115,ring
132,92,ring
141,87,ring
122,88,none
106,79,none
93,76,none
84,80,none
77,75,none
71,74,none
66,69,none
62,63,none
59,60,none
57,62,none
56,63,none
55,59,none
54,63,none
53,60,none
53,59,none
53,57,none
54,56,none
55,56,none
55,54,none
55,55,none
55,51,none
56,50,none
56,48,none
57,49,none
55,50,none
56,50,none
56,48,none
56,48,none
56,45,none
57,46,none
56,44,none
56,44,none
55,43,none
57,44,none
74,50,none
85,50,none
93,47,none
86,47,none
98,59,none
101,52,none
139,56,none
134,58,none
117,55,none
107,55,none
94,54,none
99,59,none
103,66,none
93,68,none
83,66,none
77,66,none
71,68,none
67,66,none
63,63,none
59,61,none
56,60,none
54,58,none
52,54,none
52,56,none
51,52,none
51,50,none
51,49,none
51,49,none
50,55,none
50,50,none
50,51,none
50,50,none
50,49,none
50,52,none
50,51,none
51,49,none
51,50,none
51,48,none
50,54,none
51,55,none
50,52,none
50,51,none
49,51,none
49,52,none
49,52,none
49,51,none
48,47,none
48,47,none
48,46,none
49,46,none
49,44,none
48,44,none
51,44,none
54,45,none
60,44,none
59,49,none
71,54,none
94,60,none
139,65,ring
185,66,ring
189,68,ring
155,66,ring
137,66,ring
124,63,none
110,59,none
100,59,none
95,64,none
88,65,none
84,68,none
78,68,none
73,66,none
69,64,none
65,60,none
62,59,none
60,60,none
57,58,none
55,56,none
53,53,none
52,51,none
51,51,none
50,49,none
50,48,none
49,47,none
49,46,none
48,46,none
48,47,none
48,47,none
48,46,none
48,46,none
48,47,none
49,48,none
49,47,none
49,46,none
49,46,none
50,47,none
49,45,none
50,47,none
49,46,none
50,48,none
50,49,none
50,48,none
50,47,none
49,48,none
49,51,none
50,50,none
50,52,none
53,51,none
74,51,none
123,64,none
147,66,ring
147,70,ring
181,88,ring
160,81,ring
169,81,ring
153,80,ring
133,78,ring
119,74,none
107,73,none
97,73,none
90,76,none
85,71,none
78,71,none
73,67,none
68,65,none
63,71,none
59,67,none
57,63,none
55,58,none
55,58,none
54,59,none
53,55,none
52,52,none
51,52,none
51,53,none
52,52,none
52,53,none
52,53,none
52,54,none
51,51,none
52,53,none
52,52,none
53,50,none
53,49,none
52,47,none
52,48,none
52,47,none
52,47,none
51,47,none
50,49,none
49,46,none
49,45,none
48,44,none
52,43,none
74,48,none
127,59,none
148,70,ring
188,69,ring
165,65,ring
147,59,none
126,62,none
110,64,none
99,63,none
91,62,none
83,65,none
77,64,none
73,63,none
69,62,none
65,62,none
62,59,none
58,57,none
56,58,none
53,57,none
52,55,none
51,53,none
51,53,none
51,54,none
50,51,none
50,51,none
50,53,none
50,51,none
50,53,none
51,50,none
51,49,none
50,50,none
51,49,none
51,53,none
51,51,none
51,47,none
51,47,none
51,47,none
51,46,none
51,44,none
50,43,none
50,43,none
50,44,none
51,47,none
51,46,none
51,47,none
51,47,none
52,49,none
52,52,none
51,51,none
52,50,none
53,52,none
53,53,none
54,54,none
56,54,none
57,55,none
59,56,none
59,61,none
82,69,none
145,75,ring
165,89,ring
179,105,ring
176,150,ring
159,204,ring
136,236,ring
119,257,none
105,274,none
94,284,none
86,289,none
80,289,none
75,284,none
73,275,none
72,262,none
69,247,none
67,232,none
65,209,none
64,180,none
61,152,none
60,133,none
59,117,none
58,111,none
56,109,none
55,115,none
55,124,none
53,140,none
51,159,none
50,179,none
49,202,none
50,228,none
50,246,none
50,263,none
51,277,none
50,287,none
49,299,none
49,309,none
48,317,none
50,324,none
49,326,none
49,325,none
54,325,none
65,326,none
144,315,ring
226,351,ring
241,393,ring
222,431,ring
199,458,ring
183,452,ring
172,434,ring
142,392,ring
120,350,none
106,320,none
99,298,none
92,272,none
86,229,none
81,207,none
78,210,none
75,186,none
71,156,none
70,129,none
69,114,none
66,97,none
64,86,none
62,76,none
61,70,none
60,71,none
59,66,none
58,63,none
57,60,none
57,62,none
57,60,none
56,60,none
56,61,none
55,58,none
55,55,none
55,57,none
54,56,none
54,57,none
54,57,none
54,55,none
55,58,none
56,58,none
55,56,none
55,56,none
55,57,none
56,56,none
58,54,none
58,56,none
60,52,none
61,48,none
62,46,none
63,44,none
64,49,none
65,49,none
67,52,none
67,55,none
68,61,none
68,64,none
69,67,none
69,68,none
70,75,none
79,72,none
99,79,none
125,89,none
208,106,ring
261,111,ring
240,94,ring
197,88,ring
165,85,ring
139,87,ring
118,84,none
103,83,none
92,81,none
85,82,none
81,82,none
79,79,none
77,74,none
75,68,none
74,62,none
73,61,none
73,60,none
73,63,none
73,70,none
72,77,none
72,86,none
71,87,none
70,91,none
68,97,none
67,102,none
65,106,none
64,107,none
63,109,none
64,111,none
63,114,none
62,118,none
60,124,none
58,127,none
58,133,none
56,136,none
55,137,none
55,137,none
54,139,none
53,139,none
53,140,none
52,139,none
50,137,none
49,136,none
49,134,none
48,130,none
50,129,none
51,134,none
55,138,none
84,135,none
187,148,ring
233,137,ring
218,123,ring
175,106,ring
146,92,ring
124,80,none
105,79,none
93,73,none
83,70,none
75,66,none
68,66,none
64,62,none
61,56,none
58,57,none
56,62,none
56,67,none
55,74,none
53,85,none
53,98,none
53,112,none
54,130,none
53,144,none
52,158,none
51,166,none
50,172,none
49,176,none
49,179,none
49,181,none
48,182,none
47,188,none
48,189,none
47,188,none
46,187,none
45,187,none
45,189,none
45,183,none
45,180,none
45,179,none
46,180,none
46,179,none
45,178,none
45,175,none
46,170,none
46,163,none
46,161,none
46,158,none
47,159,none
48,156,none
47,153,none
69,160,none
125,170,none
188,165,ring
200,140,ring
170,121,ring
145,98,ring
127,88,none
111,84,none
99,77,none
89,67,none
81,61,none
74,60,none
68,55,none
64,57,none
60,64,none
58,77,none
55,91,none
53,109,none
53,128,none
52,143,none
51,157,none
51,166,none
51,177,none
52,185,none
53,194,none
52,196,none
52,201,none
51,200,none
50,197,none
48,195,none
47,186,none
48,176,none
48,169,none
48,165,none
48,166,none
48,161,none
47,157,none
46,154,none
45,152,none
46,148,none
46,138,none
45,131,none
46,126,none
46,126,none
46,116,none
45,114,none
44,109,none
44,104,none
45,100,none
45,97,none
45,95,none
45,93,none
45,92,none
45,91,none
45,91,none
45,86,none
45,81,none
45,79,none
44,75,none
44,73,none
44,70,none
45,67,none
45,66,none
45,64,none
45,63,none
45,62,none
45,59,none
45,58,none
46,56,none
46,55,none
47,55,none
48,55,none
47,52,none
47,50,none
47,49,none
47,50,none
46,49,none
46,47,none
46,45,none
47,48,none
75,52,none
159,73,ring
180,71,ring
186,63,ring
166,65,ring
141,68,ring
125,74,none
108,82,none
95,93,none
86,91,none
79,102,none
72,106,none
66,105,none
63,101,none
60,89,none
57,81,none
56,75,none
54,74,none
53,77,none
53,83,none
52,90,none
52,97,none
51,105,none
51,108,none
49,110,none
48,111,none
48,113,none
50,105,none
49,104,none
50,102,none
50,105,none
50,99,none
50,94,none
50,90,none
50,88,none
49,86,none
49,87,none
49,84,none
49,82,none
49,81,none
49,79,none
48,77,none
47,74,none
47,73,none
47,71,none
59,73,none
105,82,none
143,81,ring
144,68,ring
170,64,ring
145,67,ring
123,76,none
106,84,none
94,93,none
85,105,none
77,111,none
70,115,none
63,121,none
59,123,none
56,119,none
57,114,none
56,98,none
56,85,none
54,75,none
53,70,none
52,70,none
52,72,none
52,76,none
51,79,none
51,80,none
52,83,none
51,84,none
51,84,none
51,85,none
51,84,none
51,85,none
51,85,none
51,85,none
51,86,none
51,85,none
51,85,none
51,83,none
51,83,none
51,79,none
50,77,none
50,76,none
49,74,none
49,77,none
48,71,none
47,67,none
47,64,none
47,62,none
47,62,none
46,60,none
47,61,none
57,67,none
101,77,none
145,83,ring
165,80,ring
139,73,ring
129,74,none
114,83,none
101,89,none
90,97,none
82,105,none
74,111,none
67,115,none
63,112,none
59,102,none
57,92,none
55,83,none
53,74,none
52,67,none
52,62,none
51,60,none
51,58,none
50,58,none
50,58,none
50,58,none
50,58,none
49,58,none
49,58,none
49,57,none
48,55,none
48,54,none
48,51,none
48,48,none
47,46,none
48,45,none
48,44,none
48,43,none
48,43,none
48,43,none
48,42,none
48,42,none
48,42,none
48,42,none
48,41,none
48,42,none
52,42,none
61,42,none
81,45,none
132,52,none
122,49,none
114,51,none
103,54,none
93,62,none
89,70,none
81,77,none
74,85,none
69,88,none
64,100,none
60,107,none
57,106,none
55,99,none
53,93,none
51,84,none
50,76,none
49,68,none
49,63,none
48,61,none
49,61,none
49,63,none
49,66,none
50,68,none
50,70,none
51,72,none
52,74,none
52,75,none
52,75,none
52,75,none
51,76,none
51,74,none
51,72,none
50,69,none
50,67,none
50,64,none
50,62,none
50,60,none
49,58,none
49,56,none
48,55,none
48,53,none
48,52,none
48,51,none
48,50,none
48,49,none
48,48,none
48,47,none
48,46,none
48,45,none
48,43,none
79,50,none
83,50,none
98,53,none
90,53,none
83,56,none
74,65,none
69,73,none
67,78,none
65,87,none
61,94,none
58,100,none
58,106,none
57,113,none
55,120,none
53,123,none
52,123,none
51,125,none
50,119,none
49,110,none
49,100,none
48,90,none
48,83,none
49,77,none
49,70,none
50,64,none
50,60,none
50,56,none
51,55,none
51,55,none
51,54,none
51,53,none
51,52,none
51,50,none
51,48,none
51,47,none
51,45,none
51,45,none
50,44,none
50,43,none
50,43,none
50,43,none
49,43,none
49,43,none
49,43,none
49,43,none
49,43,none
49,43,none
50,42,none
50,43,none
50,43,none
50,43,none
74,48,none
99,51,none
117,57,none
124,68,none
119,74,none
105,82,none
93,86,none
85,97,none
78,113,none
72,126,none
69,128,none
64,130,none
60,141,none
57,140,none
53,139,none
51,133,none
50,136,none
50,133,none
51,130,none
51,121,none
52,112,none
51,101,none
50,90,none
50,84,none
50,75,none
49,74,none
49,69,none
48,69,none
48,70,none
48,70,none
48,68,none
48,72,none
48,72,none
48,71,none
49,68,none
50,65,none
51,61,none
52,56,none
54,56,none
59,55,none
55,49,none
88,53,none
151,69,ring
181,71,ring
165,73,ring
151,70,ring
159,67,ring
143,77,ring
130,75,none
113,71,none
102,71,none
96,69,none
93,66,none
93,62,none
95,58,none
98,55,none
101,56,none
105,58,none
111,62,none
118,72,none
123,83,none
126,94,none
131,96,ring
136,97,ring
141,92,ring
146,90,ring
152,88,ring
158,88,ring
162,92,ring
163,97,ring
165,103,ring
168,107,ring
173,109,ring
176,110,ring
176,112,ring
177,107,ring
179,101,ring
179,88,ring
176,81,ring
172,75,ring
170,72,ring
162,65,ring
156,66,ring
223,94,ring
236,81,ring
217,75,ring
193,68,ring
172,64,ring
157,56,none
146,57,none
136,57,none
126,60,none
116,66,none
105,71,none
95,74,none
85,78,none
76,79,none
70,85,none
67,91,none
68,95,none
72,99,none
77,98,none
84,93,none
91,89,none
98,91,none
105,86,none
115,80,none
123,76,none
130,71,none
136,69,ring
142,64,ring
145,59,none
149,57,none
151,56,none
154,54,none
156,57,none
156,59,none
153,65,ring
151,74,ring
147,84,ring
140,96,ring
136,115,ring
133,159,ring
126,212,none
118,262,none
111,312,none
151,366,ring
227,427,ring
223,427,ring
183,442,ring
159,461,ring
141,477,ring
119,489,none
102,497,none
91,507,none
80,511,none
72,509,none
69,507,none
70,507,none
73,506,none
77,503,none
79,507,none
82,513,none
87,517,none
92,524,none
97,531,none
101,531,none
107,530,none
106,532,none
105,527,none
107,519,none
110,500,none
107,491,none
107,477,none
107,462,none
107,447,none
102,434,none
98,421,none
95,410,none
93,399,none
91,385,none
87,374,none
82,366,none
78,362,none
77,349,none
75,336,none
75,320,none
74,305,none
74,290,none
74,280,none
71,273,none
68,266,none
79,262,none
86,250,none
141,258,ring
154,224,ring
188,211,ring
162,182,ring
136,151,ring
114,128,none
99,106,none
89,93,none
82,87,none
77,83,none
73,77,none
71,72,none
69,66,none
67,62,none
66,55,none
66,53,none
65,50,none
64,48,none
64,47,none
65,47,none
64,50,none
63,52,none
63,54,none
62,57,none
62,54,none
61,54,none
60,52,none
59,47,none
58,45,none
58,45,none
57,45,none
56,45,none
56,45,none
55,46,none
54,45,none
54,45,none
53,45,none
52,43,none
51,44,none
51,45,none
50,45,none
49,46,none
48,47,none
48,48,none
47,46,none
46,48,none
46,49,none
46,51,none
46,53,none
45,52,none
45,52,none
45,55,none
45,55,none
45,54,none
45,55,none
45,58,none
45,60,none
52,56,none
103,54,none
160,66,ring
187,82,ring
158,90,ring
136,108,ring
123,130,none
104,157,none
91,177,none
82,193,none
73,203,none
67,218,none
61,227,none
58,228,none
55,221,none
54,207,none
53,192,none
51,180,none
51,163,none
49,144,none
49,128,none
50,113,none
49,102,none
48,90,none
48,82,none
47,76,none
47,70,none
47,66,none
46,62,none
45,58,none
45,55,none
45,53,none
45,51,none
44,52,none
44,51,none
44,50,none
44,50,none
44,51,none
44,54,none
44,54,none
44,57,none
44,59,none
44,62,none
44,63,none
45,65,none
45,69,none
45,73,none
45,75,none
45,77,none
45,81,none
46,81,none
46,91,none
46,97,none
46,102,none
47,104,none
48,107,none
49,108,none
49,108,none
49,109,none
48,112,none
55,107,none
95,100,none
129,98,none
176,99,ring
183,114,ring
156,138,ring
133,158,ring
119,174,none
108,192,none
96,204,none
87,207,none
81,217,none
73,221,none
69,216,none
66,201,none
61,181,none
56,161,none
53,139,none
51,119,none
51,102,none
50,91,none
49,84,none
48,77,none
48,74,none
47,74,none
47,74,none
47,73,none
47,72,none
46,70,none
46,68,none
45,66,none
45,66,none
44,67,none
44,63,none
44,64,none
44,64,none
45,65,none
46,66,none
47,67,none
47,63,none
48,61,none
49,62,none
49,61,none
50,60,none
51,59,none
52,59,none
53,57,none
53,56,none
54,55,none
55,54,none
55,53,none
55,55,none
55,53,none
56,52,none
58,52,none
58,52,none
58,56,none
58,58,none
60,54,none
60,50,none
74,53,none
79,51,none
137,61,ring
170,63,ring
175,73,ring
151,72,ring
139,75,ring
130,82,none
118,93,none
108,114,none
99,116,none
95,117,none
89,119,none
84,120,none
79,110,none
75,97,none
71,85,none
68,76,none
66,69,none
65,67,none
63,63,none
61,63,none
60,63,none
59,66,none
58,65,none
57,61,none
56,55,none
56,53,none
55,52,none
55,52,none
55,50,none
54,48,none
54,48,none
54,47,none
53,48,none
53,46,none
52,44,none
53,42,none
53,43,none
53,42,none
52,42,none
52,40,none
51,39,none
51,40,none
51,42,none
51,44,none
50,47,none
50,47,none
50,48,none
50,49,none
49,52,none
49,51,none
49,56,none
49,58,none
48,59,none
48,59,none
48,59,none
49,59,none
48,60,none
48,62,none
54,64,none
86,65,none
127,71,none
152,79,ring
150,87,ring
145,93,ring
126,104,none
113,120,none
96,136,none
86,155,none
78,170,none
70,176,none
64,178,none
61,184,none
57,180,none
54,170,none
53,153,none
52,135,none
53,119,none
54,104,none
54,91,none
55,82,none
54,77,none
54,70,none
54,64,none
53,58,none
54,55,none
54,54,none
53,52,none
53,50,none
52,46,none
52,46,none
53,49,none
52,47,none
53,47,none
53,45,none
52,50,none
52,48,none
51,49,none
51,46,none
51,46,none
51,46,none
51,45,none
51,46,none
51,46,none
50,45,none
51,48,none
51,49,none
51,48,none
51,48,none
49,52,none
78,55,none
187,87,ring
233,99,ring
194,89,ring
161,94,ring
140,99,ring
119,101,none
106,119,none
92,127,none
81,126,none
74,134,none
69,142,none
64,137,none
63,140,none
63,132,none
62,122,none
60,106,none
60,91,none
60,83,none
60,75,none
59,69,none
60,64,none
59,62,none
59,60,none
59,58,none
58,55,none
58,51,none
58,52,none
58,50,none
57,49,none
57,48,none
56,48,none
57,51,none
56,52,none
56,48,none
56,50,none
56,48,none
56,52,none
56,49,none
57,52,none
57,51,none
57,50,none
58,51,none
59,52,none
60,50,none
61,49,none
64,52,none
124,62,none
196,80,ring
195,83,ring
164,79,ring
140,88,ring
131,97,ring
115,110,none
105,121,none
95,131,none
92,138,none
91,147,none
93,154,none
96,157,none
99,162,none
99,157,none
102,150,none
105,145,none
110,141,none
112,124,none
111,110,none
113,96,none
115,89,none
117,84,none
119,76,none
117,68,none
116,61,none
115,59,none
116,55,none
117,52,none
117,49,none
118,50,none
117,49,none
112,47,none
108,49,none
105,47,none
104,47,none
102,45,none
101,43,none
99,45,none
97,45,none
94,45,none
92,43,none
90,43,none
88,42,none
87,42,none
85,43,none
83,47,none
82,45,none
80,43,none
79,42,none
78,44,none
76,45,none
74,45,none
73,46,none
88,52,none
87,53,none
146,86,ring
198,95,ring
227,95,ring
199,90,ring
172,81,ring
142,77,ring
120,85,none
103,86,none
90,97,none
81,99,none
73,105,none
69,111,none
66,110,none
63,99,none
60,88,none
59,79,none
58,70,none
58,67,none
58,64,none
57,63,none
57,63,none
57,66,none
56,66,none
56,65,none
55,65,none
54,66,none
53,66,none
52,64,none
51,63,none
52,62,none
51,62,none
50,67,none
49,63,none
49,62,none
49,62,none
48,63,none
47,66,none
47,68,none
47,67,none
47,66,none
46,67,none
46,66,none
45,69,none
45,66,none
45,65,none
45,64,none
44,62,none
44,65,none
45,61,none
44,61,none
44,62,none
44,60,none
44,62,none
45,62,none
45,60,none
45,60,none
45,59,none
45,58,none
45,59,none
59,63,none
77,63,none
140,78,ring
150,77,ring
135,73,ring
120,72,none
113,69,none
106,73,none
92,77,none
84,79,none
77,82,none
72,75,none
66,79,none
62,78,none
59,77,none
56,74,none
54,72,none
52,67,none
50,62,none
49,59,none
48,56,none
47,54,none
47,54,none
47,54,none
47,58,none
47,57,none
47,59,none
47,59,none
47,59,none
47,60,none
46,58,none
46,57,none
46,59,none
45,62,none
46,64,none
46,61,none
46,60,none
46,59,none
46,60,none
46,59,none
46,59,none
46,58,none
47,58,none
47,57,none
49,57,none
51,60,none
52,56,none
53,54,none
55,55,none
56,52,none
56,50,none
57,49,none
58,48,none
58,53,none
59,49,none
59,51,none
60,55,none
60,59,none
60,64,none
70,75,none
91,88,none
124,102,none
155,101,ring
175,101,ring
145,95,ring
125,92,none
108,88,none
95,86,none
88,81,none
81,93,none
78,95,none
75,93,none
73,96,none
72,103,none
71,117,none
71,133,none
69,149,none
71,169,none
72,183,none
73,203,none
74,219,none
74,243,none
73,248,none
71,258,none
69,265,none
67,271,none
65,276,none
63,274,none
61,270,none
61,263,none
58,259,none
55,258,none
54,252,none
52,245,none
50,232,none
49,222,none
49,213,none
49,199,none
50,188,none
53,180,none
57,168,none
60,156,none
63,147,none
65,136,none
68,126,none
72,116,none
79,110,none
132,118,ring
155,111,ring
135,96,ring
136,84,ring
120,77,none
113,74,none
103,72,none
96,70,none
89,68,none
84,68,none
78,70,none
71,71,none
67,68,none
62,63,none
59,58,none
56,55,none
55,55,none
55,59,none
55,59,none
55,63,none
57,66,none
59,70,none
61,72,none
61,75,none
62,78,none
63,80,none
64,79,none
65,77,none
66,77,none
66,76,none
66,78,none
66,80,none
67,78,none
68,74,none
68,73,none
68,71,none
68,71,none
69,74,none
69,73,none
69,70,none
70,68,none
71,66,none
72,66,none
72,68,none
73,67,none
74,65,none
74,64,none
74,63,none
74,61,none
73,62,none
74,62,none
74,60,none
74,59,none
74,59,none
73,58,none
73,56,none
72,52,none
72,50,none
72,52,none
72,51,none
72,49,none
71,49,none
70,47,none
68,50,none
68,48,none
68,49,none
67,47,none
66,46,none
66,45,none
66,46,none
65,47,none
65,48,none
65,48,none
65,48,none
64,47,none
63,49,none
63,52,none
62,52,none
61,52,none
60,51,none
59,49,none
60,51,none
59,51,none
59,50,none
58,48,none
89,54,none
139,61,ring
149,61,ring
141,65,ring
129,76,none
110,83,none
102,94,none
94,114,none
83,125,none
87,130,none
81,140,none
74,148,none
68,155,none
64,157,none
63,160,none
64,152,none
64,148,none
63,134,none
62,118,none
62,103,none
61,89,none
61,79,none
61,72,none
61,68,none
61,66,none
61,63,none
60,65,none
60,61,none
60,59,none
59,59,none
58,58,none
58,55,none
57,55,none
57,54,none
56,52,none
55,51,none
54,50,none
54,49,none
53,48,none
52,47,none
52,46,none
51,48,none
51,49,none
51,49,none
50,48,none
50,48,none
49,48,none
49,48,none
48,48,none
48,49,none
48,48,none
48,49,none
47,49,none
48,50,none
47,52,none
47,54,none
47,53,none
47,54,none
47,54,none
47,55,none
46,55,none
47,56,none
46,56,none
46,56,none
46,57,none
65,55,none
83,56,none
166,69,ring
177,81,ring
190,90,ring
183,103,ring
163,117,ring
134,130,ring
115,143,none
101,162,none
88,179,none
81,176,none
75,176,none
68,169,none
62,156,none
58,138,none
55,121,none
54,107,none
53,96,none
53,85,none
52,77,none
51,70,none
50,64,none
50,61,none
49,57,none
49,56,none
49,54,none
49,54,none
49,53,none
48,54,none
49,54,none
48,55,none
48,56,none
48,58,none
48,59,none
48,60,none
48,61,none
48,61,none
48,62,none
48,62,none
48,63,none
49,63,none
49,64,none
50,65,none
49,66,none
49,66,none
49,67,none
49,68,none
49,68,none
50,68,none
50,68,none
50,67,none
52,64,none
68,66,none
164,85,ring
186,96,ring
157,92,ring
135,90,ring
117,92,none
102,96,none
91,99,none
83,102,none
75,109,none
69,112,none
63,109,none
61,105,none
59,99,none
58,95,none
57,91,none
57,86,none
56,82,none
56,79,none
57,75,none
57,71,none
57,69,none
57,68,none
57,67,none
57,66,none
56,67,none
56,67,none
56,68,none
56,69,none
56,71,none
56,72,none
56,73,none
56,73,none
56,75,none
55,76,none
54,76,none
53,77,none
53,77,none
52,79,none
52,80,none
52,82,none
52,83,none
51,83,none
51,83,none
51,83,none
51,85,none
50,85,none
51,84,none
51,83,none
51,82,none
51,81,none
51,81,none
51,80,none
51,79,none
51,78,none
52,78,none
51,79,none
51,80,none
51,79,none
51,77,none
51,75,none
51,72,none
51,69,none
52,62,none
52,59,none
51,64,none
53,72,none
53,72,none
54,78,none
55,84,none
56,94,none
53,112,none
121,157,none
151,179,ring
190,179,ring
160,192,ring
132,195,ring
109,191,none
95,184,none
85,179,none
77,190,none
71,178,none
65,174,none
61,172,none
59,176,none
56,184,none
56,192,none
56,204,none
55,223,none
55,241,none
54,256,none
53,270,none
52,282,none
52,290,none
53,294,none
53,295,none
52,296,none
52,297,none
51,294,none
51,288,none
51,284,none
50,279,none
51,271,none
53,264,none
52,260,none
53,258,none
53,257,none
52,255,none
52,252,none
52,247,none
54,241,none
56,235,none
56,227,none
56,220,none
56,213,none
57,202,none
56,192,none
56,182,none
57,174,none
59,167,none
59,163,none
59,159,none
59,155,none
59,149,none
59,144,none
59,140,none
61,135,none
62,129,none
62,127,none
61,126,none
60,127,none
60,123,none
60,120,none
59,117,none
59,113,none
60,114,none
59,109,none
112,128,none
150,138,ring
180,126,ring
179,106,ring
148,90,ring
126,85,none
109,77,none
94,74,none
85,81,none
77,87,none
71,85,none
67,82,none
65,76,none
63,69,none
62,68,none
62,69,none
61,69,none
61,71,none
60,71,none
59,72,none
59,71,none
59,69,none
58,67,none
58,63,none
58,60,none
58,56,none
57,54,none
57,54,none
56,52,none
56,53,none
56,52,none
55,52,none
55,55,none
55,56,none
55,57,none
55,59,none
54,60,none
54,60,none
53,59,none
54,59,none
53,61,none
53,60,none
53,59,none
53,58,none
52,56,none
52,59,none
51,61,none
52,59,none
52,57,none
52,56,none
52,55,none
52,53,none
51,51,none
51,50,none
51,49,none
51,49,none
50,48,none
49,47,none
50,54,none
49,57,none
49,55,none
49,55,none
48,55,none
49,57,none
49,60,none
52,60,none
111,61,none
179,75,ring
213,86,ring
192,87,ring
181,86,ring
155,92,ring
129,98,none
112,101,none
95,104,none
83,107,none
73,109,none
67,105,none
64,96,none
61,85,none
59,76,none
58,68,none
57,61,none
57,56,none
56,53,none
57,50,none
57,48,none
57,46,none
57,45,none
57,44,none
58,43,none
58,42,none
58,42,none
58,43,none
58,43,none
58,44,none
58,45,none
57,46,none
57,47,none
57,48,none
56,49,none
56,51,none
56,52,none
56,52,none
55,52,none
55,52,none
55,53,none
55,53,none
54,53,none
54,53,none
54,54,none
54,54,none
53,54,none
53,53,none
53,54,none
52,53,none
52,54,none
52,53,none
51,53,none
50,51,none
50,51,none
48,51,none
48,52,none
48,51,none
47,51,none
47,52,none
100,59,none
184,69,ring
198,79,ring
171,75,ring
147,82,ring
128,87,none
112,94,none
98,100,none
86,107,none
78,111,none
70,116,none
66,111,none
62,100,none
59,91,none
57,82,none
55,75,none
54,68,none
53,64,none
53,60,none
52,58,none
52,57,none
51,55,none
51,54,none
52,53,none
52,52,none
53,51,none
53,49,none
54,48,none
53,48,none
54,48,none
54,49,none
54,50,none
55,51,none
55,51,none
55,51,none
55,51,none
55,51,none
55,51,none
56,51,none
56,52,none
56,53,none
56,53,none
56,54,none
56,55,none
56,55,none
56,55,none
56,55,none
56,56,none
55,57,none
55,58,none
54,57,none
54,58,none
54,58,none
54,59,none
53,61,none
53,63,none
53,65,none
54,65,none
73,61,none
143,63,ring
165,68,ring
195,83,ring
173,95,ring
147,111,ring
128,124,none
112,135,none
98,143,none
87,162,none
78,167,none
71,175,none
65,166,none
61,152,none
58,136,none
55,119,none
53,104,none
51,90,none
51,80,none
50,72,none
49,66,none
49,61,none
48,57,none
48,54,none
47,52,none
47,50,none
47,49,none
46,47,none
46,47,none
46,46,none
46,46,none
46,46,none
45,46,none
45,46,none
45,47,none
45,47,none
45,46,none
45,46,none
45,46,none
45,46,none
45,45,none
45,45,none
45,44,none
45,44,none
45,44,none
45,44,none
45,46,none
45,46,none
46,47,none
47,48,none
47,48,none
47,48,none
47,48,none
47,48,none
47,49,none
76,53,none
109,55,none
181,63,ring
229,77,ring
202,85,ring
169,85,ring
144,88,ring
124,94,none
108,103,none
93,109,none
83,108,none
75,116,none
67,110,none
63,99,none
59,89,none
57,79,none
55,72,none
53,66,none
52,63,none
51,61,none
50,60,none
50,60,none
49,60,none
48,60,none
48,60,none
47,60,none
47,60,none
47,59,none
47,58,none
47,57,none
47,56,none
47,55,none
47,54,none
47,53,none
46,53,none
46,52,none
46,52,none
46,53,none
46,53,none
46,54,none
46,54,none
46,54,none
46,55,none
46,55,none
46,55,none
46,54,none
46,53,none
46,52,none
46,52,none
46,52,none
46,51,none
46,50,none
46,50,none
46,51,none
46,52,none
67,63,none
127,82,none
176,84,ring
155,75,ring
130,66,none
111,60,none
96,56,none
86,57,none
77,54,none
71,51,none
66,49,none
62,51,none
60,48,none
58,49,none
57,50,none
56,51,none
55,51,none
55,52,none
55,53,none
55,53,none
54,53,none
54,54,none
54,54,none
54,54,none
54,54,none
55,54,none
55,54,none
55,53,none
55,52,none
55,50,none
54,48,none
54,47,none
53,47,none
53,46,none
53,44,none
52,43,none
51,43,none
50,42,none
50,42,none
50,41,none
50,41,none
49,42,none
50,42,none
50,42,none
50,43,none
50,43,none
51,43,none
51,44,none
51,45,none
51,45,none
51,46,none
51,46,none
52,45,none
51,46,none
52,46,none
51,47,none
57,47,none
97,51,none
158,64,ring
175,78,ring
159,81,ring
133,81,ring
114,78,none
99,89,none
87,94,none
79,99,none
72,102,none
68,109,none
64,109,none
64,109,none
65,102,none
64,94,none
64,86,none
64,79,none
63,75,none
63,68,none
63,63,none
62,59,none
61,55,none
61,53,none
61,51,none
61,50,none
60,48,none
60,48,none
59,49,none
58,49,none
58,49,none
58,49,none
57,49,none
56,49,none
56,55,none
56,52,none
56,57,none
55,57,none
55,55,none
54,54,none
53,52,none
53,50,none
52,50,none
51,50,none
51,50,none
50,51,none
50,50,none
50,49,none
50,50,none
50,48,none
51,49,none
51,49,none
53,47,none
59,46,none
128,65,none
158,65,ring
184,74,ring
186,71,ring
161,76,ring
137,84,ring
116,89,none
100,101,none
88,115,none
79,119,none
74,122,none
69,121,none
65,116,none
62,106,none
61,97,none
60,89,none
59,82,none
59,76,none
58,71,none
57,68,none
57,64,none
56,61,none
55,58,none
55,55,none
54,53,none
53,51,none
53,51,none
52,49,none
52,49,none
51,51,none
51,49,none
52,48,none
52,47,none
52,47,none
52,47,none
52,47,none
51,48,none
51,47,none
51,47,none
52,47,none
52,47,none
52,46,none
52,46,none
53,48,none
54,46,none
